{
  "relationships_feed_favorites": [
    {
      "title": "",
      "media_list_data": [
        
      ],
      "string_list_data": [
        {
          "href": "https://www.instagram.com/foodandwine_keren",
          "value": "foodandwine_keren",
          "timestamp": 1698591068
        }
      ]
    },
    {
      "title": "",
      "media_list_data": [
        
      ],
      "string_list_data": [
        {
          "href": "https://www.instagram.com/freshprincetravels",
          "value": "freshprincetravels",
          "timestamp": 1677639453
        }
      ]
    },
    {
      "title": "",
      "media_list_data": [
        
      ],
      "string_list_data": [
        {
          "href": "https://www.instagram.com/dahliacooksfortheboys",
          "value": "dahliacooksfortheboys",
          "timestamp": 1677447337
        }
      ]
    },
    {
      "title": "",
      "media_list_data": [
        
      ],
      "string_list_data": [
        {
          "href": "https://www.instagram.com/getfatwithzac",
          "value": "getfatwithzac",
          "timestamp": 1677447194
        }
      ]
    },
    {
      "title": "",
      "media_list_data": [
        
      ],
      "string_list_data": [
        {
          "href": "https://www.instagram.com/bostonbabbler",
          "value": "bostonbabbler",
          "timestamp": 1677447099
        }
      ]
    },
    {
      "title": "",
      "media_list_data": [
        
      ],
      "string_list_data": [
        {
          "href": "https://www.instagram.com/mrnap30",
          "value": "mrnap30",
          "timestamp": 1677447079
        }
      ]
    },
    {
      "title": "",
      "media_list_data": [
        
      ],
      "string_list_data": [
        {
          "href": "https://www.instagram.com/tarahdevoursma",
          "value": "tarahdevoursma",
          "timestamp": 1677446554
        }
      ]
    },
    {
      "title": "",
      "media_list_data": [
        
      ],
      "string_list_data": [
        {
          "href": "https://www.instagram.com/mofoodmotravel",
          "value": "mofoodmotravel",
          "timestamp": 1675389017
        }
      ]
    },
    {
      "title": "",
      "media_list_data": [
        
      ],
      "string_list_data": [
        {
          "href": "https://www.instagram.com/kyliescreations15",
          "value": "kyliescreations15",
          "timestamp": 1665787719
        }
      ]
    },
    {
      "title": "",
      "media_list_data": [
        
      ],
      "string_list_data": [
        {
          "href": "https://www.instagram.com/hellofoodreviews",
          "value": "hellofoodreviews",
          "timestamp": 1665010940
        }
      ]
    },
    {
      "title": "",
      "media_list_data": [
        
      ],
      "string_list_data": [
        {
          "href": "https://www.instagram.com/jess_ferrin",
          "value": "jess_ferrin",
          "timestamp": 1664225869
        }
      ]
    },
    {
      "title": "",
      "media_list_data": [
        
      ],
      "string_list_data": [
        {
          "href": "https://www.instagram.com/shesbakingcookies",
          "value": "shesbakingcookies",
          "timestamp": 1661995361
        }
      ]
    },
    {
      "title": "",
      "media_list_data": [
        
      ],
      "string_list_data": [
        {
          "href": "https://www.instagram.com/chevygirlss",
          "value": "chevygirlss",
          "timestamp": 1659393128
        }
      ]
    },
    {
      "title": "",
      "media_list_data": [
        
      ],
      "string_list_data": [
        {
          "href": "https://www.instagram.com/michaelandres1022",
          "value": "michaelandres1022",
          "timestamp": 1657955097
        }
      ]
    },
    {
      "title": "",
      "media_list_data": [
        
      ],
      "string_list_data": [
        {
          "href": "https://www.instagram.com/thehouseshoehostess",
          "value": "thehouseshoehostess",
          "timestamp": 1657472014
        }
      ]
    },
    {
      "title": "",
      "media_list_data": [
        
      ],
      "string_list_data": [
        {
          "href": "https://www.instagram.com/au_gratwins",
          "value": "au_gratwins",
          "timestamp": 1657471952
        }
      ]
    },
    {
      "title": "",
      "media_list_data": [
        
      ],
      "string_list_data": [
        {
          "href": "https://www.instagram.com/low.budget.meals",
          "value": "low.budget.meals",
          "timestamp": 1650334601
        }
      ]
    },
    {
      "title": "",
      "media_list_data": [
        
      ],
      "string_list_data": [
        {
          "href": "https://www.instagram.com/mcfarland_kitchen",
          "value": "mcfarland_kitchen",
          "timestamp": 1650135219
        }
      ]
    },
    {
      "title": "",
      "media_list_data": [
        
      ],
      "string_list_data": [
        {
          "href": "https://www.instagram.com/nolimitcooking",
          "value": "nolimitcooking",
          "timestamp": 1650134940
        }
      ]
    },
    {
      "title": "",
      "media_list_data": [
        
      ],
      "string_list_data": [
        {
          "href": "https://www.instagram.com/wine_dine_adventures",
          "value": "wine_dine_adventures",
          "timestamp": 1650133813
        }
      ]
    }
  ]
}