{
  "relationships_blocked_users": [
    {
      "title": "leamonboswell",
      "string_list_data": [
        {
          "href": "https://www.instagram.com/_u/leamonboswell",
          "timestamp": 1711575097
        }
      ]
    },
    {
      "title": "chatzandchillz",
      "string_list_data": [
        {
          "href": "https://www.instagram.com/_u/chatzandchillz",
          "timestamp": 1707356583
        }
      ]
    },
    {
      "title": "_monica__bellucci_7",
      "string_list_data": [
        {
          "href": "https://www.instagram.com/_u/_monica__bellucci_7",
          "timestamp": 1706966863
        }
      ]
    },
    {
      "title": "starheart54",
      "string_list_data": [
        {
          "href": "https://www.instagram.com/_u/starheart54",
          "timestamp": 1706892398
        }
      ]
    },
    {
      "title": "_emma_1._",
      "string_list_data": [
        {
          "href": "https://www.instagram.com/_u/_emma_1._",
          "timestamp": 1706889324
        }
      ]
    },
    {
      "title": "marlboro_m2c",
      "string_list_data": [
        {
          "href": "https://www.instagram.com/_u/marlboro_m2c",
          "timestamp": 1685883727
        }
      ]
    },
    {
      "title": "bridgetkflaherty",
      "string_list_data": [
        {
          "href": "https://www.instagram.com/_u/bridgetkflaherty",
          "timestamp": 1669081442
        }
      ]
    },
    {
      "title": "papadres156",
      "string_list_data": [
        {
          "href": "https://www.instagram.com/_u/papadres156",
          "timestamp": 1651866618
        }
      ]
    }
  ]
}