{
  "relationships_unfollowed_users": [
    {
      "title": "",
      "media_list_data": [
        
      ],
      "string_list_data": [
        {
          "href": "https://www.instagram.com/flavorexpeditionco",
          "value": "flavorexpeditionco",
          "timestamp": 1712754753
        }
      ]
    },
    {
      "title": "",
      "media_list_data": [
        
      ],
      "string_list_data": [
        {
          "href": "https://www.instagram.com/yous._.n",
          "value": "yous._.n",
          "timestamp": 1712754733
        }
      ]
    },
    {
      "title": "",
      "media_list_data": [
        
      ],
      "string_list_data": [
        {
          "href": "https://www.instagram.com/fnny_meme_67",
          "value": "fnny_meme_67",
          "timestamp": 1712754672
        }
      ]
    },
    {
      "title": "",
      "media_list_data": [
        
      ],
      "string_list_data": [
        {
          "href": "https://www.instagram.com/luigisrestaurantandgourmet",
          "value": "luigisrestaurantandgourmet",
          "timestamp": 1712754641
        }
      ]
    },
    {
      "title": "",
      "media_list_data": [
        
      ],
      "string_list_data": [
        {
          "href": "https://www.instagram.com/backyardbbqdude",
          "value": "backyardbbqdude",
          "timestamp": 1712754621
        }
      ]
    },
    {
      "title": "",
      "media_list_data": [
        
      ],
      "string_list_data": [
        {
          "href": "https://www.instagram.com/whatevertheweberbbq",
          "value": "whatevertheweberbbq",
          "timestamp": 1712754580
        }
      ]
    },
    {
      "title": "",
      "media_list_data": [
        
      ],
      "string_list_data": [
        {
          "href": "https://www.instagram.com/pitmasterpearse",
          "value": "pitmasterpearse",
          "timestamp": 1712754549
        }
      ]
    },
    {
      "title": "",
      "media_list_data": [
        
      ],
      "string_list_data": [
        {
          "href": "https://www.instagram.com/cousints",
          "value": "cousints",
          "timestamp": 1712754521
        }
      ]
    },
    {
      "title": "",
      "media_list_data": [
        
      ],
      "string_list_data": [
        {
          "href": "https://www.instagram.com/bvbbqs",
          "value": "bvbbqs",
          "timestamp": 1712754464
        }
      ]
    },
    {
      "title": "",
      "media_list_data": [
        
      ],
      "string_list_data": [
        {
          "href": "https://www.instagram.com/duchardt_avia",
          "value": "duchardt_avia",
          "timestamp": 1712754443
        }
      ]
    },
    {
      "title": "",
      "media_list_data": [
        
      ],
      "string_list_data": [
        {
          "href": "https://www.instagram.com/chowandcompany",
          "value": "chowandcompany",
          "timestamp": 1712754419
        }
      ]
    },
    {
      "title": "",
      "media_list_data": [
        
      ],
      "string_list_data": [
        {
          "href": "https://www.instagram.com/shabnam_forex_trader",
          "value": "shabnam_forex_trader",
          "timestamp": 1712754403
        }
      ]
    },
    {
      "title": "",
      "media_list_data": [
        
      ],
      "string_list_data": [
        {
          "href": "https://www.instagram.com/forever._.foodies",
          "value": "forever._.foodies",
          "timestamp": 1712754373
        }
      ]
    },
    {
      "title": "",
      "media_list_data": [
        
      ],
      "string_list_data": [
        {
          "href": "https://www.instagram.com/cook_create_capture_explore",
          "value": "cook_create_capture_explore",
          "timestamp": 1712754338
        }
      ]
    },
    {
      "title": "",
      "media_list_data": [
        
      ],
      "string_list_data": [
        {
          "href": "https://www.instagram.com/kk_foodielove",
          "value": "kk_foodielove",
          "timestamp": 1712754292
        }
      ]
    },
    {
      "title": "",
      "media_list_data": [
        
      ],
      "string_list_data": [
        {
          "href": "https://www.instagram.com/klizzyyung",
          "value": "klizzyyung",
          "timestamp": 1712754281
        }
      ]
    },
    {
      "title": "",
      "media_list_data": [
        
      ],
      "string_list_data": [
        {
          "href": "https://www.instagram.com/outnumberedmama",
          "value": "outnumberedmama",
          "timestamp": 1712754264
        }
      ]
    },
    {
      "title": "",
      "media_list_data": [
        
      ],
      "string_list_data": [
        {
          "href": "https://www.instagram.com/senpaiseats",
          "value": "senpaiseats",
          "timestamp": 1712754218
        }
      ]
    },
    {
      "title": "",
      "media_list_data": [
        
      ],
      "string_list_data": [
        {
          "href": "https://www.instagram.com/dolcedadulcinjo",
          "value": "dolcedadulcinjo",
          "timestamp": 1712754204
        }
      ]
    },
    {
      "title": "",
      "media_list_data": [
        
      ],
      "string_list_data": [
        {
          "href": "https://www.instagram.com/westvillagenycfood",
          "value": "westvillagenycfood",
          "timestamp": 1712754181
        }
      ]
    }
  ]
}